StartDate,EndDate,Status,IPAddress,Progress,Duration (in seconds),Finished,RecordedDate,ResponseId,RecipientLastName,RecipientFirstName,RecipientEmail,ExternalReference,LocationLatitude,LocationLongitude,DistributionChannel,UserLanguage,baseline_1,baseline_2,baseline_3,baseline_4,baseline_5,baseline_6,split-rag_1,split-rag_2,split-rag_3,split-rag_4,split-rag_5,split-rag_6,Q23,baseline_1,baseline_2,baseline_3,baseline_4,baseline_5,baseline_6,split-rag_1,split-rag_2,split-rag_3,split-rag_4,split-rag_5,split-rag_6,Q24,baseline_1,baseline_2,baseline_3,baseline_4,baseline_5,baseline_6,split-rag_1,split-rag_2,split-rag_3,split-rag_4,split-rag_5,split-rag_6,Q25,baseline_1,baseline_2,baseline_3,baseline_4,baseline_5,baseline_6,split-rag_1,split-rag_2,split-rag_3,split-rag_4,split-rag_5,split-rag_6,Q26,baseline_1,baseline_2,baseline_3,baseline_4,baseline_5,baseline_6,split-rag_1,split-rag_2,split-rag_3,split-rag_4,split-rag_5,split-rag_6,Q27,baseline_1,baseline_2,baseline_3,baseline_4,baseline_5,baseline_6,split-rag_1,split-rag_2,split-rag_3,split-rag_4,split-rag_5,split-rag_6,Q28,baseline_1,baseline_2,baseline_3,baseline_4,baseline_5,baseline_6,split-rag_1,split-rag_2,split-rag_3,split-rag_4,split-rag_5,split-rag_6,Q29,baseline_1,baseline_2,baseline_3,baseline_4,baseline_5,baseline_6,split-rag_1,split-rag_2,split-rag_3,split-rag_4,split-rag_5,split-rag_6,Q30,baseline_1,baseline_2,baseline_3,baseline_4,baseline_5,baseline_6,split-rag_1,split-rag_2,split-rag_3,split-rag_4,split-rag_5,split-rag_6,Q31,baseline_1,baseline_2,baseline_3,baseline_4,baseline_5,baseline_6,split-rag_1,split-rag_2,split-rag_3,split-rag_4,split-rag_5,split-rag_6,Q32
Start Date,End Date,Response Type,IP Address,Progress,Duration (in seconds),Finished,Recorded Date,Response ID,Recipient Last Name,Recipient First Name,Recipient Email,External Data Reference,Location Latitude,Location Longitude,Distribution Channel,User Language,"case 1 baseline - Logical coherence: The response forms a narrative without contradictions, and the content follows a well-structured, logical line of reasoning.",case 1 baseline - User intent: Does the response directly align with the thematic information need of the legal query?,case 1 baseline - Broad Coverage: Are all statutory rules and jurisprudential aspects necessary to address the case comprehensively covered?,"case 1 baseline - Verifiability: Are the legal citations, statutory articles, and ECLI references clear and easy to verify?",case 1 baseline - External Consistency: Does the text accurately summarize the underlying legal sources without introducing external distortions or hallucinations?,"case 1 baseline - Normative Justification: Does the generated text provide a high-quality, legally sound justification suitable for municipal operational workflows?","case 1 split-rag - Logical coherence: The response forms a narrative without contradictions, and the content follows a well-structured, logical line of reasoning.",case 1 split-rag - User intent: Does the response directly align with the thematic information need of the legal query?,case 1 split-rag - Broad Coverage: Are all statutory rules and jurisprudential aspects necessary to address the case comprehensively covered?,"case 1 split-rag - Verifiability: Are the legal citations, statutory articles, and ECLI references clear and easy to verify?",case 1 split-rag - External Consistency: Does the text accurately summarize the underlying legal sources without introducing external distortions or hallucinations?,"case 1 split-rag - Normative Justification: Does the generated text provide a high-quality, legally sound justification suitable for municipal operational workflows?",Heeft u verder nog feedback op het gegenereerde antwoord?,"case 2 - Logical coherence: The response forms a narrative without contradictions, and the content follows a well-structured, logical line of reasoning.",case 2 - User intent: Does the response directly align with the thematic information need of the legal query?,case 2 - Broad Coverage: Are all statutory rules and jurisprudential aspects necessary to address the case comprehensively covered?,"case 2 - Verifiability: Are the legal citations, statutory articles, and ECLI references clear and easy to verify?",case 2 - External Consistency: Does the text accurately summarize the underlying legal sources without introducing external distortions or hallucinations?,"case 2 - Normative Justification: Does the generated text provide a high-quality, legally sound justification suitable for municipal operational workflows?","case 2 - Logical coherence: The response forms a narrative without contradictions, and the content follows a well-structured, logical line of reasoning.",case 2 - User intent: Does the response directly align with the thematic information need of the legal query?,case 2 - Broad Coverage: Are all statutory rules and jurisprudential aspects necessary to address the case comprehensively covered?,"case 2 - Verifiability: Are the legal citations, statutory articles, and ECLI references clear and easy to verify?",case 2 - External Consistency: Does the text accurately summarize the underlying legal sources without introducing external distortions or hallucinations?,"case 2 - Normative Justification: Does the generated text provide a high-quality, legally sound justification suitable for municipal operational workflows?",Heeft u verder nog feedback op het gegenereerde antwoord?,"case 3 - Logical coherence: The response forms a narrative without contradictions, and the content follows a well-structured, logical line of reasoning.",case 3 - User intent: Does the response directly align with the thematic information need of the legal query?,case 3 - Broad Coverage: Are all statutory rules and jurisprudential aspects necessary to address the case comprehensively covered?,"case 3 - Verifiability: Are the legal citations, statutory articles, and ECLI references clear and easy to verify?",case 3 - External Consistency: Does the text accurately summarize the underlying legal sources without introducing external distortions or hallucinations?,"case 3 - Normative Justification: Does the generated text provide a high-quality, legally sound justification suitable for municipal operational workflows?","case 3 - Logical coherence: The response forms a narrative without contradictions, and the content follows a well-structured, logical line of reasoning.",case 3 - User intent: Does the response directly align with the thematic information need of the legal query?,case 3 - Broad Coverage: Are all statutory rules and jurisprudential aspects necessary to address the case comprehensively covered?,"case 3 - Verifiability: Are the legal citations, statutory articles, and ECLI references clear and easy to verify?",case 3 - External Consistency: Does the text accurately summarize the underlying legal sources without introducing external distortions or hallucinations?,"case 3 - Normative Justification: Does the generated text provide a high-quality, legally sound justification suitable for municipal operational workflows?",Heeft u verder nog feedback op het gegenereerde antwoord?,"case 4 - Logical coherence: The response forms a narrative without contradictions, and the content follows a well-structured, logical line of reasoning.",case 4 - User intent: Does the response directly align with the thematic information need of the legal query?,case 4 - Broad Coverage: Are all statutory rules and jurisprudential aspects necessary to address the case comprehensively covered?,"case 4 - Verifiability: Are the legal citations, statutory articles, and ECLI references clear and easy to verify?",case 4 - External Consistency: Does the text accurately summarize the underlying legal sources without introducing external distortions or hallucinations?,"case 4 - Normative Justification: Does the generated text provide a high-quality, legally sound justification suitable for municipal operational workflows?","case 4 - Logical coherence: The response forms a narrative without contradictions, and the content follows a well-structured, logical line of reasoning.",case 4 - User intent: Does the response directly align with the thematic information need of the legal query?,case 4 - Broad Coverage: Are all statutory rules and jurisprudential aspects necessary to address the case comprehensively covered?,"case 4 - Verifiability: Are the legal citations, statutory articles, and ECLI references clear and easy to verify?",case 4 - External Consistency: Does the text accurately summarize the underlying legal sources without introducing external distortions or hallucinations?,"case 4 - Normative Justification: Does the generated text provide a high-quality, legally sound justification suitable for municipal operational workflows?",Heeft u verder nog feedback op het gegenereerde antwoord?,"case 5 - Logical coherence: The response forms a narrative without contradictions, and the content follows a well-structured, logical line of reasoning.",case 5 - User intent: Does the response directly align with the thematic information need of the legal query?,case 5 - Broad Coverage: Are all statutory rules and jurisprudential aspects necessary to address the case comprehensively covered?,"case 5 - Verifiability: Are the legal citations, statutory articles, and ECLI references clear and easy to verify?",case 5 - External Consistency: Does the text accurately summarize the underlying legal sources without introducing external distortions or hallucinations?,"case 5 - Normative Justification: Does the generated text provide a high-quality, legally sound justification suitable for municipal operational workflows?","case 5 - Logical coherence: The response forms a narrative without contradictions, and the content follows a well-structured, logical line of reasoning.",case 5 - User intent: Does the response directly align with the thematic information need of the legal query?,case 5 - Broad Coverage: Are all statutory rules and jurisprudential aspects necessary to address the case comprehensively covered?,"case 5 - Verifiability: Are the legal citations, statutory articles, and ECLI references clear and easy to verify?",case 5 - External Consistency: Does the text accurately summarize the underlying legal sources without introducing external distortions or hallucinations?,"case 5 - Normative Justification: Does the generated text provide a high-quality, legally sound justification suitable for municipal operational workflows?",Heeft u verder nog feedback op het gegenereerde antwoord?,"case 6 - Logical coherence: The response forms a narrative without contradictions, and the content follows a well-structured, logical line of reasoning.",case 6 - User intent: Does the response directly align with the thematic information need of the legal query?,case 6 - Broad Coverage: Are all statutory rules and jurisprudential aspects necessary to address the case comprehensively covered?,"case 6 - Verifiability: Are the legal citations, statutory articles, and ECLI references clear and easy to verify?",case 6 - External Consistency: Does the text accurately summarize the underlying legal sources without introducing external distortions or hallucinations?,"case 6 - Normative Justification: Does the generated text provide a high-quality, legally sound justification suitable for municipal operational workflows?","case 6 - Logical coherence: The response forms a narrative without contradictions, and the content follows a well-structured, logical line of reasoning.",case 6 - User intent: Does the response directly align with the thematic information need of the legal query?,case 6 - Broad Coverage: Are all statutory rules and jurisprudential aspects necessary to address the case comprehensively covered?,"case 6 - Verifiability: Are the legal citations, statutory articles, and ECLI references clear and easy to verify?",case 6 - External Consistency: Does the text accurately summarize the underlying legal sources without introducing external distortions or hallucinations?,"case 6 - Normative Justification: Does the generated text provide a high-quality, legally sound justification suitable for municipal operational workflows?",Heeft u verder nog feedback op het gegenereerde antwoord?,"case 7 - Logical coherence: The response forms a narrative without contradictions, and the content follows a well-structured, logical line of reasoning.",case 7 - User intent: Does the response directly align with the thematic information need of the legal query?,case 7 - Broad Coverage: Are all statutory rules and jurisprudential aspects necessary to address the case comprehensively covered?,"case 7 - Verifiability: Are the legal citations, statutory articles, and ECLI references clear and easy to verify?",case 7 - External Consistency: Does the text accurately summarize the underlying legal sources without introducing external distortions or hallucinations?,"case 7 - Normative Justification: Does the generated text provide a high-quality, legally sound justification suitable for municipal operational workflows?","case 7 - Logical coherence: The response forms a narrative without contradictions, and the content follows a well-structured, logical line of reasoning.",case 7 - User intent: Does the response directly align with the thematic information need of the legal query?,case 7 - Broad Coverage: Are all statutory rules and jurisprudential aspects necessary to address the case comprehensively covered?,"case 7 - Verifiability: Are the legal citations, statutory articles, and ECLI references clear and easy to verify?",case 7 - External Consistency: Does the text accurately summarize the underlying legal sources without introducing external distortions or hallucinations?,"case 7 - Normative Justification: Does the generated text provide a high-quality, legally sound justification suitable for municipal operational workflows?",Heeft u verder nog feedback op het gegenereerde antwoord?,"case 8 - Logical coherence: The response forms a narrative without contradictions, and the content follows a well-structured, logical line of reasoning.",case 8 - User intent: Does the response directly align with the thematic information need of the legal query?,case 8 - Broad Coverage: Are all statutory rules and jurisprudential aspects necessary to address the case comprehensively covered?,"case 8 - Verifiability: Are the legal citations, statutory articles, and ECLI references clear and easy to verify?",case 8 - External Consistency: Does the text accurately summarize the underlying legal sources without introducing external distortions or hallucinations?,"case 8 - Normative Justification: Does the generated text provide a high-quality, legally sound justification suitable for municipal operational workflows?","case 8 - Logical coherence: The response forms a narrative without contradictions, and the content follows a well-structured, logical line of reasoning.",case 8 - User intent: Does the response directly align with the thematic information need of the legal query?,case 8 - Broad Coverage: Are all statutory rules and jurisprudential aspects necessary to address the case comprehensively covered?,"case 8 - Verifiability: Are the legal citations, statutory articles, and ECLI references clear and easy to verify?",case 8 - External Consistency: Does the text accurately summarize the underlying legal sources without introducing external distortions or hallucinations?,"case 8 - Normative Justification: Does the generated text provide a high-quality, legally sound justification suitable for municipal operational workflows?",Heeft u verder nog feedback op het gegenereerde antwoord?,"case 9 - Logical coherence: The response forms a narrative without contradictions, and the content follows a well-structured, logical line of reasoning.",case 9 - User intent: Does the response directly align with the thematic information need of the legal query?,case 9 - Broad Coverage: Are all statutory rules and jurisprudential aspects necessary to address the case comprehensively covered?,"case 9 - Verifiability: Are the legal citations, statutory articles, and ECLI references clear and easy to verify?",case 9 - External Consistency: Does the text accurately summarize the underlying legal sources without introducing external distortions or hallucinations?,"case 9 - Normative Justification: Does the generated text provide a high-quality, legally sound justification suitable for municipal operational workflows?","case 9 - Logical coherence: The response forms a narrative without contradictions, and the content follows a well-structured, logical line of reasoning.",case 9 - User intent: Does the response directly align with the thematic information need of the legal query?,case 9 - Broad Coverage: Are all statutory rules and jurisprudential aspects necessary to address the case comprehensively covered?,"case 9 - Verifiability: Are the legal citations, statutory articles, and ECLI references clear and easy to verify?",case 9 - External Consistency: Does the text accurately summarize the underlying legal sources without introducing external distortions or hallucinations?,"case 9 - Normative Justification: Does the generated text provide a high-quality, legally sound justification suitable for municipal operational workflows?",Heeft u verder nog feedback op het gegenereerde antwoord?,"case 10 - Logical coherence: The response forms a narrative without contradictions, and the content follows a well-structured, logical line of reasoning.",case 10 - User intent: Does the response directly align with the thematic information need of the legal query?,case 10 - Broad Coverage: Are all statutory rules and jurisprudential aspects necessary to address the case comprehensively covered?,"case 10 - Verifiability: Are the legal citations, statutory articles, and ECLI references clear and easy to verify?",case 10 - External Consistency: Does the text accurately summarize the underlying legal sources without introducing external distortions or hallucinations?,"case 10 - Normative Justification: Does the generated text provide a high-quality, legally sound justification suitable for municipal operational workflows?","case 10 - Logical coherence: The response forms a narrative without contradictions, and the content follows a well-structured, logical line of reasoning.",case 10 - User intent: Does the response directly align with the thematic information need of the legal query?,case 10 - Broad Coverage: Are all statutory rules and jurisprudential aspects necessary to address the case comprehensively covered?,"case 10 - Verifiability: Are the legal citations, statutory articles, and ECLI references clear and easy to verify?",case 10 - External Consistency: Does the text accurately summarize the underlying legal sources without introducing external distortions or hallucinations?,"case 10 - Normative Justification: Does the generated text provide a high-quality, legally sound justification suitable for municipal operational workflows?",Heeft u verder nog feedback op het gegenereerde antwoord?
"{""ImportId"":""startDate"",""timeZone"":""America/Denver""}","{""ImportId"":""endDate"",""timeZone"":""America/Denver""}","{""ImportId"":""status""}","{""ImportId"":""ipAddress""}","{""ImportId"":""progress""}","{""ImportId"":""duration""}","{""ImportId"":""finished""}","{""ImportId"":""recordedDate"",""timeZone"":""America/Denver""}","{""ImportId"":""_recordId""}","{""ImportId"":""recipientLastName""}","{""ImportId"":""recipientFirstName""}","{""ImportId"":""recipientEmail""}","{""ImportId"":""externalDataReference""}","{""ImportId"":""locationLatitude""}","{""ImportId"":""locationLongitude""}","{""ImportId"":""distributionChannel""}","{""ImportId"":""userLanguage""}","{""ImportId"":""QID4_1""}","{""ImportId"":""QID4_2""}","{""ImportId"":""QID4_3""}","{""ImportId"":""QID4_4""}","{""ImportId"":""QID4_5""}","{""ImportId"":""QID4_6""}","{""ImportId"":""QID8_1""}","{""ImportId"":""QID8_2""}","{""ImportId"":""QID8_3""}","{""ImportId"":""QID8_4""}","{""ImportId"":""QID8_5""}","{""ImportId"":""QID8_6""}","{""ImportId"":""QID29_TEXT""}","{""ImportId"":""QID9_1""}","{""ImportId"":""QID9_2""}","{""ImportId"":""QID9_3""}","{""ImportId"":""QID9_4""}","{""ImportId"":""QID9_5""}","{""ImportId"":""QID9_6""}","{""ImportId"":""QID10_1""}","{""ImportId"":""QID10_2""}","{""ImportId"":""QID10_3""}","{""ImportId"":""QID10_4""}","{""ImportId"":""QID10_5""}","{""ImportId"":""QID10_6""}","{""ImportId"":""QID30_TEXT""}","{""ImportId"":""QID11_1""}","{""ImportId"":""QID11_2""}","{""ImportId"":""QID11_3""}","{""ImportId"":""QID11_4""}","{""ImportId"":""QID11_5""}","{""ImportId"":""QID11_6""}","{""ImportId"":""QID12_1""}","{""ImportId"":""QID12_2""}","{""ImportId"":""QID12_3""}","{""ImportId"":""QID12_4""}","{""ImportId"":""QID12_5""}","{""ImportId"":""QID12_6""}","{""ImportId"":""QID31_TEXT""}","{""ImportId"":""QID14_1""}","{""ImportId"":""QID14_2""}","{""ImportId"":""QID14_3""}","{""ImportId"":""QID14_4""}","{""ImportId"":""QID14_5""}","{""ImportId"":""QID14_6""}","{""ImportId"":""QID15_1""}","{""ImportId"":""QID15_2""}","{""ImportId"":""QID15_3""}","{""ImportId"":""QID15_4""}","{""ImportId"":""QID15_5""}","{""ImportId"":""QID15_6""}","{""ImportId"":""QID32_TEXT""}","{""ImportId"":""QID16_1""}","{""ImportId"":""QID16_2""}","{""ImportId"":""QID16_3""}","{""ImportId"":""QID16_4""}","{""ImportId"":""QID16_5""}","{""ImportId"":""QID16_6""}","{""ImportId"":""QID17_1""}","{""ImportId"":""QID17_2""}","{""ImportId"":""QID17_3""}","{""ImportId"":""QID17_4""}","{""ImportId"":""QID17_5""}","{""ImportId"":""QID17_6""}","{""ImportId"":""QID33_TEXT""}","{""ImportId"":""QID18_1""}","{""ImportId"":""QID18_2""}","{""ImportId"":""QID18_3""}","{""ImportId"":""QID18_4""}","{""ImportId"":""QID18_5""}","{""ImportId"":""QID18_6""}","{""ImportId"":""QID19_1""}","{""ImportId"":""QID19_2""}","{""ImportId"":""QID19_3""}","{""ImportId"":""QID19_4""}","{""ImportId"":""QID19_5""}","{""ImportId"":""QID19_6""}","{""ImportId"":""QID34_TEXT""}","{""ImportId"":""QID20_1""}","{""ImportId"":""QID20_2""}","{""ImportId"":""QID20_3""}","{""ImportId"":""QID20_4""}","{""ImportId"":""QID20_5""}","{""ImportId"":""QID20_6""}","{""ImportId"":""QID21_1""}","{""ImportId"":""QID21_2""}","{""ImportId"":""QID21_3""}","{""ImportId"":""QID21_4""}","{""ImportId"":""QID21_5""}","{""ImportId"":""QID21_6""}","{""ImportId"":""QID35_TEXT""}","{""ImportId"":""QID22_1""}","{""ImportId"":""QID22_2""}","{""ImportId"":""QID22_3""}","{""ImportId"":""QID22_4""}","{""ImportId"":""QID22_5""}","{""ImportId"":""QID22_6""}","{""ImportId"":""QID23_1""}","{""ImportId"":""QID23_2""}","{""ImportId"":""QID23_3""}","{""ImportId"":""QID23_4""}","{""ImportId"":""QID23_5""}","{""ImportId"":""QID23_6""}","{""ImportId"":""QID36_TEXT""}","{""ImportId"":""QID24_1""}","{""ImportId"":""QID24_2""}","{""ImportId"":""QID24_3""}","{""ImportId"":""QID24_4""}","{""ImportId"":""QID24_5""}","{""ImportId"":""QID24_6""}","{""ImportId"":""QID25_1""}","{""ImportId"":""QID25_2""}","{""ImportId"":""QID25_3""}","{""ImportId"":""QID25_4""}","{""ImportId"":""QID25_5""}","{""ImportId"":""QID25_6""}","{""ImportId"":""QID37_TEXT""}","{""ImportId"":""QID26_1""}","{""ImportId"":""QID26_2""}","{""ImportId"":""QID26_3""}","{""ImportId"":""QID26_4""}","{""ImportId"":""QID26_5""}","{""ImportId"":""QID26_6""}","{""ImportId"":""QID27_1""}","{""ImportId"":""QID27_2""}","{""ImportId"":""QID27_3""}","{""ImportId"":""QID27_4""}","{""ImportId"":""QID27_5""}","{""ImportId"":""QID27_6""}","{""ImportId"":""QID38_TEXT""}"
2026-06-01 06:33:57,2026-06-01 06:34:45,Survey Preview,,100,48,True,2026-06-01 06:34:46,R_2OPH7Vlk3Ly4E6D,,,,,52.2542,4.5608,preview,EN,,,,,,,,,,,,,,,,,,,,,,,,,,,,,,,,,,,,,,,,,,,,,,,,,,,,,,,,,,,,,,,,,,,,,,,,,,,,,,,,,,,,,,,,,,,,,,,,,,,,,,,,,,,,,,,,,,,,,,,,,,,,,,,,,,
2026-06-02 01:20:54,2026-06-02 02:07:49,IP Address,194.13.133.3,100,2815,True,2026-06-02 02:07:50,R_8PDwnxI4hxF2Z8d,,,,,52.3541,4.8975,anonymous,EN,,,,,,,Agree,Agree,Disagree,Agree,Strongly agree,Neither agree nor disagree,"Het antwoord klopt, maar is meer een soort juridisch kader en niet per se waarderend.",,,,,,,Neither agree nor disagree,Agree,Disagree,Strongly agree,Disagree,Strongly disagree,"Het antwoord gaat in op de omgevingswet, wat logisch lijkt omdat de casus misschien over het omgevingsrecht gaat. Alleen in een geval als deze is het handiger om gebruik te maken van de Algemene wet bestuursrecht, daarin staat een exact artikel over tijdige indiening van een bezwaarschrift. ",,,,,,,Disagree,Agree,Neither agree nor disagree,Strongly agree,Agree,Strongly disagree,In dit geval wordt nog een wabo (oud recht) artikel benoemd terwijl de omgevingswet nu van kracht is. Het wabo artikel kan wellicht toepasselijk zijn als er sprake is van een oude vergunning (van voor 1 januari 2024) in dat geval zal ook overgangsrecht benoemd moeten worden.,Strongly agree,Strongly agree,Disagree,Strongly agree,Strongly agree,Agree,,,,,,,"De bezwaarmaker lijkt te doelen op het gelijkheidsbeginsel, hier moet dan nog even kort op in worden gegaan. ",,,,,,,Agree,Agree,Agree,Strongly agree,Strongly agree,Agree,Duidelijke tekst mist alleen meer context,,,,,,,Strongly agree,Strongly agree,Disagree,Strongly agree,Strongly agree,Disagree,"Ik mis hier de eventuele welstandsnormen. ",Strongly agree,Strongly agree,Strongly agree,Strongly agree,Strongly agree,Strongly agree,,,,,,,"hier worden de welstandsnormen wel benoemd ",Strongly agree,Strongly agree,Strongly agree,Strongly agree,Strongly agree,Strongly agree,,,,,,,netjes,Strongly agree,Strongly agree,Disagree,Strongly agree,Strongly agree,Disagree,,,,,,,De uitspraken zijn heel oud en er is al een nieuw systeem (omgevingswet),Strongly agree,Strongly agree,Disagree,Strongly agree,Strongly agree,Disagree,,,,,,,"Ik mis bronvermelding voor dit stukje: ""- Afwijken van exacte leeftijd of dikte van de oorspronkelijke boom:"""
2026-06-02 03:06:02,2026-06-02 05:34:24,IP Address,5.132.117.238,100,8901,True,2026-06-02 05:34:24,R_27PrvhprzXhPjX3,,,,,52.2283,5.1971,anonymous,EN,,,,,,,Agree,Agree,Disagree,Agree,Disagree,Strongly disagree,"Het antwoord haalt de regels over rijksmonumenten erbij, terwijl het over een gemeentelijk monument gaat. Ook noemt het antwoord niet de mogelijkheid van een BOPA",,,,,,,Agree,Agree,Disagree,Agree,Disagree,Strongly disagree,16.98 van de Omgevingswet is niet van toepassing. Ik mis een verwijzing naar 6:9 Awb.,Agree,Agree,Disagree,Agree,Disagree,Strongly disagree,,,,,,,"5:40, tweede lid, onder b van de Omgevingswet geeft de intrekkingsbevoegdheid als er een jaar geen gebruik is gemaakt van de vergunning. De verwijzing naar 5:40, tweede lid onder d is dus onjuist.",,,,,,,Agree,Agree,Disagree,Agree,Neither agree nor disagree,Strongly disagree,"Wabo geldt niet meer, dus had niet genoemd moeten worden. Verwijzing naar 10.18 Ow is ook niet relevant. AI had eruit moeten halen dat het gelijkheidsbeginsel speelt en daarover rechtspraak moeten zoeken. ",Agree,Agree,Disagree,Agree,Disagree,Strongly disagree,,,,,,,"Inhoudelijk is AI volledig de mist ingegaan. Wabo geldt niet meer, daar is de Omgevingswet voor in de plaats getreden. Bij een binnenplanse afwijking is zijn de ruimtelijke effecten al gewogen bij het creëeren van de afwijkingsmogelijkheid. De goede ruimtelijke ordening wordt niet bij de beoordeling van de vergunningverlening gewogen, daargelaten dat dat een verouderde termijn uit het Wabo tijdperk is. ",Agree,Agree,Disagree,Agree,Neither agree nor disagree,Neither agree nor disagree,,,,,,,"Denk dat hier ook wordt gedoeld om de evident privaatrechtelijke belemmering. AI lijkt niet in staat te zijn relevante informatie van buiten de vraagstelling te betrekken. ",Agree,Agree,Disagree,Disagree,Strongly disagree,Strongly disagree,,,,,,,"2.10 onder d van de Omgevingswet bestaat niet. Artikel 2.10 van de Omgevingswet gaat niet over de welstandsexcessen. Sowieso moet AI eerst beoordelen of de panelen vergunningsvrij gerealiseerd kunnen worden. Zo nee, moet beoordeeld worden of een vergunning verleend kan worden. AI gaat veel te kort door de bocht. Daarnaast ga ik ervan uit dat het gewone zonnepanelen zijn. Die vormen zelden een welstandsexces, zeker als ze geplaatst worden op het achtererf (wat we niet weten). ",Agree,Agree,Agree,Agree,Agree,Neither agree nor disagree,,,,,,,"Juiste artikel, had nog iets specifieker kunnen zijn door te verwijzen naar sub c. ",,,,,,,Agree,Agree,Disagree,Agree,Disagree,Strongly disagree,"Hier ook weer: 2.10, eerste lid, van de Wabo geldt niet meer. Verwijzing naar de uitspraak van de Afdeling bestuursrechtspraak klopt wel, maar ik noemt eigenlijk een algemeen leerstuk. Het spitst zich weinig toe op de casus. ",,,,,,,Agree,Disagree,Disagree,Agree,Disagree,Strongly disagree,"10.24 Omgevingswet gaat over een gedoogplicht en is niet relevant. 18.4a speelt hier niet. AI had moeten noemen wanneer een belangenvereniging belanghebbende is en in hoeverre het college de last zelf mag formuleren. "
2026-06-02 05:08:11,2026-06-02 05:34:30,IP Address,46.17.24.2,100,1578,True,2026-06-02 05:34:31,R_81d9VX4aBjG7dDJ,,,,,52.3806,4.8738,anonymous,EN,Agree,Agree,Disagree,Disagree,Agree,Agree,,,,,,,nvt,Agree,Agree,Agree,Disagree,Disagree,Agree,,,,,,,nvt,Agree,Agree,Disagree,Disagree,Agree,Agree,,,,,,,nvt,Agree,Agree,Disagree,Disagree,Agree,Agree,,,,,,,nvt,Agree,Agree,Disagree,Disagree,Agree,Agree,,,,,,,nvt,,,,,,,Agree,Agree,Disagree,Strongly disagree,Agree,Agree,nvt,,,,,,,Agree,Agree,Disagree,Disagree,Agree,Agree,nvt,,,,,,,Agree,Agree,Disagree,Disagree,Agree,Agree,nvt,Agree,Agree,Disagree,Disagree,Agree,Agree,,,,,,,nvt,Agree,Agree,Disagree,Disagree,Agree,Agree,,,,,,,nvt
2026-06-04 02:27:26,2026-06-04 02:50:18,IP Address,178.84.230.154,100,1371,True,2026-06-04 02:50:19,R_21aXhYhKby7DRt4,,,,,52.352,4.9392,anonymous,EN,,,,,,,Agree,Disagree,Agree,Neither agree nor disagree,Disagree,Disagree,"Het antwoord klopt alleen wanneer er sprake is van beleidsregels die zijn opgesteld. Indien deze beleidregels er niet zijn, is het nog steeds mogelijk om af te wijken van het bestemmingsplan/omgevingsplan, maar dan met een buitenplanse afwijking.",,,,,,,Agree,Agree,Agree,Agree,Agree,Agree,Nee,Agree,Agree,Agree,Agree,Neither agree nor disagree,Neither agree nor disagree,,,,,,,"Het is een redelijk antwoord, maar het gaat hier uiteindelijk om de belangenafweging in een concreet geval. Dit komt wel deels terug in het antwoord, maar niet heel sterk.",Agree,Agree,Neither agree nor disagree,Disagree,Disagree,Disagree,,,,,,,"Er wordt hier heel veel regelgeving niet genoemd, veel handhaving regelgeving is ook opgenomen in de Awb. Dat ontbreekt hier allemaal.",,,,,,,Neither agree nor disagree,Agree,Disagree,Neither agree nor disagree,Disagree,Disagree,"Ik denk dat er hier al iets fout gaat bij de vraagstelling, want het is totaal onduidelijk waar de omgevingsplanactviteit op ziet. Om wat voor bouwplan gaat het hier?",,,,,,,Neither agree nor disagree,Neither agree nor disagree,Disagree,Neither agree nor disagree,Strongly disagree,Strongly disagree,"Wederom gaat het hier deels fout in de vraagstelling, want waar ziet het bouwproject op? En hiernaast is het antwoord ook compleet verkeerd. Wat het antwoord wel had moeten zijn volgt uit jurisprudentie over het leerstuk van de evident privaatrechtelijke belemmering. Maar dat komt in zijn geheel niet terug. ",Strongly disagree,Disagree,Disagree,Agree,Strongly disagree,Strongly disagree,,,,,,,"De normen voor bezonning zijn iets heel anders. Er zitten hier elementen die goed zijn in het antwoord, zoals welstand, maar verder is het antwoord onjuist en onvolledig. ",Agree,Agree,Agree,Disagree,Agree,Agree,,,,,,,"Er zou ook wel jurisprudentie hierover te vinden moeten zijn, zijn volgens mij vrij veel uitspraken over geweest, dus is wat gek dat dit er niet in staat. ",Neither agree nor disagree,Neither agree nor disagree,Agree,Agree,Neither agree nor disagree,Neither agree nor disagree,,,,,,,"artikel 2.10 omgevingswet is volgens mij een verkeerd artikel, ik denk dat hier nog gewezen wordt op artikel 2.10 van de Wabo onder het oude recht. Daar stond namelijk het toetsingskader voor vergunningeverlening onder het oude recht. Verder is het antwoord wel goed.",,,,,,,Disagree,Disagree,Agree,Disagree,Disagree,Disagree,"Ik weet niet heel veel van bomenkap, maar dit antwoord lijkt me zeer incompleet en ook niet helemaal juist."
2026-06-03 07:57:38,2026-06-04 04:09:32,IP Address,84.80.81.172,100,72713,True,2026-06-04 04:09:33,R_2svK85YWUagVqoc,,,,,52.3429,4.8966,anonymous,EN,Disagree,Neither agree nor disagree,Disagree,Strongly disagree,Strongly disagree,Strongly disagree,,,,,,,"Ik ga er vanuit dat de vraag gaat om Amsterdam.

Het generieke antwoord bovenaan geeft een open antwoord, maar dat is niet gek want de vraag is ook generiek gesteld. Het antwoord is alleen niet compleet en ook fout.
De WABO wordt genoemd in plaats van de Omgevingswet, dus fout.
Het omgevingsplan wordt niet genoemd. Hoofdstuk 10 van het Omgevingsplan van de gemeente Amsterdam wordt niet genoemd. Dus beide fout.
Er wordt (bijna) een specifiek bestemmingsplan genoemd, terwijl de vraag generiek gesteld is. Dus fout.
Bovendien wordt een artikel verzonnen uit dat bestemmingsplan. Artikel 19.2.2 bestaat niet. Dus fout.
",Disagree,Neither agree nor disagree,Agree,Neither agree nor disagree,Disagree,Disagree,,,,,,,"Het gaat ook om artikel 6:9 Awb, wat niet is genoemd in het antwoord. 6:11 Awb (over verschoonbare termijnoverschrijding) wordt wel genoemd. De genoemde rechtspraak, waarvan het ECLI nummer ontbreekt, ziet op verschoonbare termijnoverschrijding. Maar daar staat (inderdaad) niet iets in over verkeerde adressering.
Het antwoord benoemt dat het gaat om de verantwoordelijkheid van een rechtspersoon om correcte adresgegevens in te schrijven. Dit kan relevant zijn, als de instantie zelf verkeerde adressering heeft opgegeven, maar dit blijkt echter niet uit de vraag.

Opmerking over de vraag: is het zeker dat je 'bezorgd' bedoelt, en niet 'verzonden'? of bedoel je 'bezorgd op een verkeerd adres'?",,,,,,,Neither agree nor disagree,Neither agree nor disagree,Disagree,Strongly disagree,Strongly disagree,Strongly disagree,"Artikel 5.20 lid 2 Omgevingswet klopt, maar het moet zijn onder b in plaats van d.
Ook apart dat weer WABO wordt genoemd.
De belangenafweging klopt wel.
De genoemde rechtszaak, althans het ECLI nummer, bestaat niet.
",,,,,,,Disagree,Strongly disagree,Strongly disagree,Disagree,Agree,Strongly disagree,Wederom WABO genoemd.,,,,,,,Neither agree nor disagree,Strongly disagree,Disagree,Agree,Agree,Strongly disagree,22.280 is van belang wanneer er sprake is van een binnenplanse afwijking. Dit blijkt alleen (nog) niet uit de vraag.,Agree,Disagree,Disagree,Disagree,Strongly disagree,Disagree,,,,,,,artikel 22.29 van het omgevingsplan is inmiddels vervangen.,,,,,,,Strongly disagree,Strongly disagree,Strongly disagree,Agree,Strongly disagree,Strongly disagree,"Het gaat niet om 5:32 omgevingswet.
De genoemde uitspraak gaat om visserij en niet om lichthinder.
Conclusie is ook niet helemaal correct. De belangenafweging is al in de regels van het bestemmingsplan, als het gaat om een binnenplanse activiteit. De vraag is daar alleen niet expliciet over.",,,,,,,Agree,Agree,Agree,Agree,Agree,Neither agree nor disagree,"Inhoudelijk apart dat de overtreding pas na de inwerkingtreding is geconstateerd.
Het antwoord zou vollediger zijn als rechtspraak werd genoemd over overtredingen die pas na de inwerkingtreding vast zijn komen te staan.",,,,,,,Agree,Agree,Disagree,Agree,Agree,Disagree,Weer wordt WABO genoemd. De genoemde rechtspraak klopt wel.,Agree,Agree,Agree,Neither agree nor disagree,Neither agree nor disagree,Agree,,,,,,,er is geen specifieke rechtspraak genoemd in het antwoord.
